{
    "name": "VEML6075 Library", 
    "version": "1.0.0", 
    "keywords": [
        "sensors"
    ], 
    "description": "Library for the VEML6075 UVA/UVB Sensor", 
    "frameworks": [
        "arduino"
    ], 
    "platforms": [
        "atmelavr", 
        "atmelsam", 
        "espressif32", 
        "espressif8266", 
        "intel_arc32", 
        "microchippic32", 
        "nordicnrf51", 
        "nordicnrf52", 
        "ststm32", 
        "ststm8", 
        "teensy", 
        "timsp430"
    ], 
    "authors": [
        {
            "email": "sean@yak.net", 
            "url": null, 
            "maintainer": true, 
            "name": "Sean Caulfield"
        }
    ], 
    "repository": {
        "type": "git", 
        "url": "https://github.com/schizobovine/VEML6075"
    }, 
    "homepage": "https://github.com/schizobovine/VEML6075/", 
    "export": {
        "include": null, 
        "exclude": [
            "extras", 
            "docs", 
            "tests", 
            "test", 
            "*.doxyfile", 
            "*.pdf"
        ]
    }, 
    "id": 6260
}